{
    "ft": {
        "5": 0.3,
        "10": 0.3696969696969697,
        "25": 0.5807692307692308,
        "50": 0.49589435774309715,
        "all": 0.8527581069844788
    },
    "diff": {
        "5": 0.3,
        "10": 0.16363636363636364,
        "25": 0.14153846153846153,
        "50": 0.03884753901560624,
        "all": 0.0962625058114584
    }
}