{
    "ft": {
        "5": 0.8999999999999998,
        "10": 0.9151515151515152,
        "25": 0.7669230769230769,
        "50": 0.9336374549819928,
        "all": 0.8647587350690221
    },
    "diff": {
        "5": 0.8999999999999998,
        "10": 0.38181818181818183,
        "25": -0.09076923076923075,
        "50": 0.13834333733493398,
        "all": 0.34948080207066734
    }
}