{
    "ft": {
        "5": 0.3,
        "10": 0.34545454545454546,
        "25": 0.4338461538461538,
        "50": 0.003889555822328931,
        "all": 0.8907880002324582
    },
    "diff": {
        "5": -0.09999999999999999,
        "10": -0.07878787878787878,
        "25": -0.13153846153846155,
        "50": -0.26376950780312125,
        "all": 0.41201417325298617
    }
}