{
    "ft": {
        "5": 0.9999999999999999,
        "10": 0.6606060606060605,
        "25": 0.11538461538461539,
        "50": 0.14852340936374547,
        "all": 0.8815482060474928
    },
    "diff": {
        "5": 0.39999999999999997,
        "10": 0.01818181818181818,
        "25": -0.3515384615384615,
        "50": -0.13123649459783912,
        "all": 0.4508687012731564
    }
}