{
    "ft": {
        "5": 0.8999999999999998,
        "10": 0.4424242424242424,
        "25": 0.6853846153846154,
        "50": 0.549483793517407,
        "all": 0.8843850694692797
    },
    "diff": {
        "5": 0.8999999999999998,
        "10": 0.35757575757575755,
        "25": 0.30230769230769233,
        "50": 0.10405762304921969,
        "all": 0.09713968957871395
    }
}