{
    "ft": {
        "5": 0.3,
        "10": 0.2727272727272727,
        "25": 0.36846153846153845,
        "50": 0.6368787515006001,
        "all": 0.6631498998641012
    },
    "diff": {
        "5": 0.3,
        "10": -0.06666666666666665,
        "25": -0.03538461538461538,
        "50": 0.23130852340936373,
        "all": -0.39652189802231597
    }
}