{
    "ft": {
        "5": 0.6,
        "10": 0.5030303030303029,
        "25": 0.4015384615384615,
        "50": 0.6607923169267707,
        "all": 0.8314966181782417
    },
    "diff": {
        "5": 0.6,
        "10": 0.12727272727272726,
        "25": 0.006153846153846154,
        "50": 0.2279471788715486,
        "all": -0.4539694943137114
    }
}