{
    "ft": {
        "5": 0.3,
        "10": 0.3696969696969697,
        "25": 0.5800000000000001,
        "50": 0.49320528211284514,
        "all": 0.856942636435162
    },
    "diff": {
        "5": 0.3,
        "10": 0.16363636363636364,
        "25": 0.15846153846153843,
        "50": 0.045858343337334934,
        "all": 0.09800818968600242
    }
}