{
    "ft": {
        "5": 0.7,
        "10": 0.406060606060606,
        "25": 0.39538461538461533,
        "50": 0.607298919567827,
        "all": 0.7083037246978041
    },
    "diff": {
        "5": 0.49999999999999994,
        "10": 0.2606060606060606,
        "25": 0.06,
        "50": 0.20950780312124848,
        "all": -0.3965284582647879
    }
}