{
    "ft": {
        "5": 0.9999999999999999,
        "10": 0.709090909090909,
        "25": 0.28307692307692306,
        "50": 0.2500360144057623,
        "all": 0.7469156690329732
    },
    "diff": {
        "5": 0.7999999999999999,
        "10": 0.43030303030303024,
        "25": -0.26692307692307693,
        "50": -0.3696998799519808,
        "all": 0.07753258887061011
    }
}