{
    "ft": {
        "5": 0.6,
        "10": 0.5030303030303029,
        "25": 0.5107692307692308,
        "50": 0.64859543817527,
        "all": 0.8438059129354123
    },
    "diff": {
        "5": 0.6,
        "10": -0.10303030303030303,
        "25": 0.003846153846153846,
        "50": 0.16052821128451378,
        "all": -0.4097490455797153
    }
}