{
    "ft": {
        "5": 0.49999999999999994,
        "10": 0.05454545454545454,
        "25": 0.42615384615384616,
        "50": 0.5445858343337334,
        "all": 0.7379374687075315
    },
    "diff": {
        "5": 0.19999999999999998,
        "10": -0.1515151515151515,
        "25": 0.09999999999999999,
        "50": 0.10818727490996398,
        "all": -0.32042932148987907
    }
}