{
    "ft": {
        "5": 0.6,
        "10": 0.5272727272727272,
        "25": 0.42153846153846153,
        "50": 0.5972148859543817,
        "all": 0.700527300443459
    },
    "diff": {
        "5": 0.3,
        "10": 0.29696969696969694,
        "25": 0.0015384615384615385,
        "50": 0.14285714285714285,
        "all": -0.3148836031936199
    }
}