{
    "ft": {
        "5": 0.9999999999999999,
        "10": 0.5636363636363636,
        "25": 0.12923076923076923,
        "50": 0.19183673469387755,
        "all": 0.7477402255739932
    },
    "diff": {
        "5": 0.8999999999999998,
        "10": 0.12727272727272726,
        "25": -0.34153846153846157,
        "50": -0.3788235294117647,
        "all": 0.2115287488377083
    }
}