{
    "ft": {
        "5": 0.7,
        "10": 0.22424242424242422,
        "25": 0.4769230769230769,
        "50": 0.547563025210084,
        "all": 0.6643163601494885
    },
    "diff": {
        "5": 0.7,
        "10": -0.09090909090909088,
        "25": 0.0876923076923077,
        "50": 0.15591836734693876,
        "all": -0.3910219226092554
    }
}