{
    "ft": {
        "5": 0.7999999999999999,
        "10": 0.4545454545454545,
        "25": 0.3869230769230769,
        "50": 0.6081632653061225,
        "all": 0.6956672671840354
    },
    "diff": {
        "5": 0.49999999999999994,
        "10": 0.07878787878787878,
        "25": -0.041538461538461545,
        "50": 0.1644657863145258,
        "all": -0.3233903936592518
    }
}