{
    "ft": {
        "5": 0.8999999999999998,
        "10": 0.6363636363636362,
        "25": 0.26692307692307693,
        "50": -0.023481956356260728,
        "all": 0.6571108017608461
    },
    "diff": {
        "5": 0.6,
        "10": 0.3939393939393939,
        "25": -0.27692307692307694,
        "50": -0.571346250975031,
        "all": -0.018827353916775875
    }
}