{
    "ft": {
        "5": 0.9999999999999999,
        "10": 0.2121212121212121,
        "25": 0.2953846153846154,
        "50": 0.6129651860744298,
        "all": 0.7768102804699233
    },
    "diff": {
        "5": 0.9999999999999999,
        "10": 0.0303030303030303,
        "25": -0.07153846153846154,
        "50": 0.15966386554621848,
        "all": -0.32427181308561615
    }
}