{
    "ft": {
        "5": 0.7999999999999999,
        "10": 0.49090909090909085,
        "25": 0.3992307692307692,
        "50": 0.5741656662665066,
        "all": 0.7418767210857592
    },
    "diff": {
        "5": 0.7999999999999999,
        "10": 0.2606060606060606,
        "25": -0.008461538461538461,
        "50": 0.1142376950780312,
        "all": -0.3351110994385237
    }
}