{
    "ft": {
        "5": -0.3,
        "10": 0.24848484848484845,
        "25": 0.7453846153846154,
        "50": 0.6355342136854742,
        "all": 0.8427395438452184
    },
    "diff": {
        "5": -0.6,
        "10": -0.35757575757575755,
        "25": 0.07999999999999999,
        "50": 0.012244897959183673,
        "all": -0.09858645214934554
    }
}