{
    "ft": {
        "5": 0.7999999999999999,
        "10": 0.6969696969696969,
        "25": 0.7292307692307693,
        "50": 0.8220408163265306,
        "all": 0.9156417526464486
    },
    "diff": {
        "5": 0.49999999999999994,
        "10": 0.43030303030303024,
        "25": 0.4461538461538462,
        "50": 0.5539015606242498,
        "all": 0.4053831539231814
    }
}