{
    "ft": {
        "5": 0.7,
        "10": 0.12727272727272726,
        "25": 0.3892307692307692,
        "50": 0.4820648259303721,
        "all": 0.6848201465381589
    },
    "diff": {
        "5": 0.39999999999999997,
        "10": -0.006060606060606061,
        "25": 0.016153846153846154,
        "50": 0.09906362545018006,
        "all": -0.3601245216722695
    }
}