{
    "ft": {
        "5": 0.39999999999999997,
        "10": -0.12727272727272726,
        "25": 0.3569230769230769,
        "50": 0.46477791116446576,
        "all": 0.6921654499856948
    },
    "diff": {
        "5": 0.39999999999999997,
        "10": -0.22424242424242422,
        "25": 0.01769230769230769,
        "50": 0.06593037214885954,
        "all": -0.41050042244832263
    }
}