{
    "ft": {
        "5": 0.19999999999999998,
        "10": 0.41818181818181815,
        "25": 0.4084615384615385,
        "50": 0.5806002400960384,
        "all": 0.6528179426543165
    },
    "diff": {
        "5": -0.09999999999999999,
        "10": 0.0303030303030303,
        "25": 0.020769230769230772,
        "50": 0.21575030012004803,
        "all": -0.34872162443673554
    }
}