{
    "ft": {
        "5": 0.7,
        "10": 0.2121212121212121,
        "25": -0.05692307692307692,
        "50": 0.3018007202881153,
        "all": 0.8949466351655817
    },
    "diff": {
        "5": 0.6,
        "10": 0.19999999999999998,
        "25": -0.24923076923076923,
        "50": 0.018391356542617046,
        "all": 0.4278891106680494
    }
}