{
    "ft": {
        "5": -0.09999999999999999,
        "10": 0.4787878787878787,
        "25": 0.5599999999999999,
        "50": 0.6940216086434573,
        "all": 0.8764132601032932
    },
    "diff": {
        "5": -0.49999999999999994,
        "10": -0.3696969696969697,
        "25": -0.4753846153846154,
        "50": -0.03932773109243697,
        "all": -0.13197170969650843
    }
}