{
    "ft": {
        "5": 0.19999999999999998,
        "10": 0.24848484848484845,
        "25": 0.5276923076923077,
        "50": 0.5797358943577431,
        "all": 0.8647491349867676
    },
    "diff": {
        "5": -0.7,
        "10": -0.406060606060606,
        "25": -0.11307692307692309,
        "50": 0.19846338535414165,
        "all": 0.3495219470551606
    }
}