{
    "ft": {
        "5": 0.49999999999999994,
        "10": 0.4424242424242424,
        "25": 0.4107692307692308,
        "50": 0.6390876350540216,
        "all": 0.6515343144267218
    },
    "diff": {
        "5": 0.19999999999999998,
        "10": 0.01818181818181818,
        "25": -0.026153846153846153,
        "50": 0.27078031212484993,
        "all": -0.35824644830484226
    }
}