{
    "ft": {
        "5": 0.7999999999999999,
        "10": 0.6969696969696969,
        "25": 0.7076923076923076,
        "50": 0.8173349339735894,
        "all": 0.9176854525784994
    },
    "diff": {
        "5": 0.49999999999999994,
        "10": 0.43030303030303024,
        "25": 0.4246153846153846,
        "50": 0.5532292917166867,
        "all": 0.4045313170552893
    }
}