{
    "ft": {
        "5": 0.9999999999999999,
        "10": 0.9636363636363635,
        "25": 0.9015384615384615,
        "50": 0.9716686674669868,
        "all": 0.8734727710821828
    },
    "diff": {
        "5": 0.9999999999999999,
        "10": 0.5636363636363636,
        "25": -0.030769230769230767,
        "50": 0.3204321728691476,
        "all": 0.39521397342822395
    }
}