{
    "ft": {
        "5": 0.7999999999999999,
        "10": 0.6,
        "25": 0.4815384615384616,
        "50": 0.595390156062425,
        "all": 0.8283574248086687
    },
    "diff": {
        "5": 0.7999999999999999,
        "10": 0.17575757575757575,
        "25": 0.041538461538461545,
        "50": 0.15918367346938775,
        "all": -0.44714658509763244
    }
}