{
    "ft": {
        "5": 0.8999999999999998,
        "10": 0.7818181818181817,
        "25": 0.20461538461538462,
        "50": 0.1289315726290516,
        "all": 0.7269486267076746
    },
    "diff": {
        "5": 0.7,
        "10": 0.3696969696969697,
        "25": -0.27692307692307694,
        "50": -0.32869147659063624,
        "all": 0.0712505029146699
    }
}