{
    "ft": {
        "5": 0.8999999999999998,
        "10": 0.5878787878787878,
        "25": -0.18461538461538463,
        "50": 0.02885954381752701,
        "all": 0.7351167320828267
    },
    "diff": {
        "5": 0.3,
        "10": 0.04242424242424241,
        "25": -0.3946153846153846,
        "50": -0.3500120048019208,
        "all": 0.21180589952435447
    }
}