{
    "ft": {
        "5": 0.09999999999999999,
        "10": 0.6363636363636362,
        "25": 0.07923076923076922,
        "50": 0.14842737094837935,
        "all": 0.8889416328409985
    },
    "diff": {
        "5": -0.7999999999999999,
        "10": 0.3939393939393939,
        "25": -0.03153846153846154,
        "50": -0.03212484993997599,
        "all": 0.45884680548601664
    }
}