{
    "ft": {
        "5": 0.6,
        "10": 0.49090909090909085,
        "25": 0.8276923076923076,
        "50": 0.5300840336134454,
        "all": 0.8807316203707587
    },
    "diff": {
        "5": -0.7,
        "10": -0.7333333333333332,
        "25": -0.023076923076923078,
        "50": -0.17925570228091237,
        "all": -0.10732896460857862
    }
}