{
    "ft": {
        "5": -0.7,
        "10": 0.6727272727272726,
        "25": 0.8023076923076922,
        "50": 0.46218487394957986,
        "all": 0.8738395299871253
    },
    "diff": {
        "5": -0.8999999999999998,
        "10": -0.16363636363636364,
        "25": 0.07307692307692308,
        "50": -0.30842737094837935,
        "all": -0.18361259253629925
    }
}