{
    "ft": {
        "5": -0.39999999999999997,
        "10": 0.38181818181818183,
        "25": 0.673076923076923,
        "50": 0.6650180072028812,
        "all": 0.8875979454259352
    },
    "diff": {
        "5": -0.9999999999999999,
        "10": -0.49090909090909085,
        "25": -0.28384615384615386,
        "50": -0.10434573829531814,
        "all": -0.012342006562477647
    }
}