{
    "ft": {
        "5": -0.3,
        "10": 0.3696969696969697,
        "25": 0.5423076923076924,
        "50": 0.6450420168067227,
        "all": 0.8764237290787497
    },
    "diff": {
        "5": -0.39999999999999997,
        "10": -0.22424242424242422,
        "25": -0.14307692307692307,
        "50": -0.02665066026410564,
        "all": -0.13184728418212463
    }
}