{
    "ft": {
        "5": 0.7,
        "10": 0.49090909090909085,
        "25": 0.5669230769230769,
        "50": 0.6925810324129652,
        "all": 0.895567175988842
    },
    "diff": {
        "5": -0.6,
        "10": -0.6121212121212121,
        "25": -0.2569230769230769,
        "50": -0.13133253301320527,
        "all": -0.09972958836993062
    }
}