{
    "ft": {
        "5": 0.3,
        "10": 0.05454545454545454,
        "25": 0.5107692307692308,
        "50": 0.7319567827130853,
        "all": 0.9039818324869465
    },
    "diff": {
        "5": -0.3,
        "10": -0.5151515151515151,
        "25": -0.3676923076923077,
        "50": -0.005330132052821128,
        "all": -0.020438116908661753
    }
}