{
    "ft": {
        "5": 0.7,
        "10": 0.5151515151515151,
        "25": 0.8361538461538461,
        "50": 0.5261464585834333,
        "all": 0.8828941286388671
    },
    "diff": {
        "5": -0.6,
        "10": -0.709090909090909,
        "25": -0.041538461538461545,
        "50": -0.19942376950780313,
        "all": -0.10778453794435305
    }
}