{
    "ft": {
        "5": 0.7,
        "10": 0.22424242424242422,
        "25": 0.4746153846153846,
        "50": 0.5451620648259303,
        "all": 0.6642078199878406
    },
    "diff": {
        "5": 0.7,
        "10": -0.09090909090909088,
        "25": 0.0876923076923077,
        "50": 0.15630252100840333,
        "all": -0.391510208050211
    }
}