{
    "ft": {
        "5": 0.7,
        "10": 0.5151515151515151,
        "25": 0.8361538461538461,
        "50": 0.5225930372148859,
        "all": 0.8831420289230193
    },
    "diff": {
        "5": -0.6,
        "10": -0.709090909090909,
        "25": -0.041538461538461545,
        "50": -0.20153661464585834,
        "all": -0.10688025884951148
    }
}