{
    "ft": {
        "5": -0.3,
        "10": -0.29696969696969694,
        "25": 0.08307692307692309,
        "50": 0.18146458583433375,
        "all": 0.7214934685954751
    },
    "diff": {
        "5": -0.7999999999999999,
        "10": -0.6969696969696969,
        "25": -0.36153846153846153,
        "50": -0.3167827130852341,
        "all": -0.4214106053606826
    }
}