{
    "ft": {
        "5": 0.7999999999999999,
        "10": 0.6969696969696969,
        "25": 0.7007692307692307,
        "50": 0.8086914765906361,
        "all": 0.9182315955582575
    },
    "diff": {
        "5": 0.49999999999999994,
        "10": 0.43030303030303024,
        "25": 0.4076923076923077,
        "50": 0.5179831932773109,
        "all": 0.40242932372505535
    }
}