{
    "ft": {
        "5": 0.7,
        "10": 0.22424242424242422,
        "25": 0.4769230769230769,
        "50": 0.5488115246098438,
        "all": 0.6615947088906372
    },
    "diff": {
        "5": 0.7,
        "10": -0.09090909090909088,
        "25": 0.0876923076923077,
        "50": 0.15726290516206481,
        "all": -0.38936956852156496
    }
}