{
    "ft": {
        "5": 0.19999999999999998,
        "10": 0.5393939393939393,
        "25": 0.7438461538461538,
        "50": 0.7808403361344537,
        "all": 0.9180676900793935
    },
    "diff": {
        "5": -0.7,
        "10": -0.406060606060606,
        "25": -0.13999999999999999,
        "50": -0.031164465786314523,
        "all": -0.07608355759602316
    }
}