{
    "ft": {
        "5": -0.09999999999999999,
        "10": 0.406060606060606,
        "25": 0.32923076923076927,
        "50": 0.12038415366146459,
        "all": 0.7000682064051211
    },
    "diff": {
        "5": -0.09999999999999999,
        "10": 0.2727272727272727,
        "25": -0.010769230769230769,
        "50": -0.4134933973589435,
        "all": 0.14718574538659607
    }
}