{
    "ft": {
        "5": 0.39999999999999997,
        "10": 0.13939393939393938,
        "25": 0.363076923076923,
        "50": 0.7419447779111644,
        "all": 0.8939899014734282
    },
    "diff": {
        "5": 0.39999999999999997,
        "10": 0.05454545454545454,
        "25": 0.048461538461538466,
        "50": 0.25599039615846336,
        "all": 0.04912211215220657
    }
}