{
    "ft": {
        "5": 0.19999999999999998,
        "10": 0.406060606060606,
        "25": 0.4053846153846154,
        "50": 0.5801200480192076,
        "all": 0.6507570989199628
    },
    "diff": {
        "5": -0.09999999999999999,
        "10": 0.0303030303030303,
        "25": 0.016153846153846154,
        "50": 0.21786314525810324,
        "all": -0.3470342227844932
    }
}