{
    "ft": {
        "5": -0.09999999999999999,
        "10": 0.6121212121212121,
        "25": 0.7115384615384615,
        "50": 0.7215846338535413,
        "all": 0.886286221032115
    },
    "diff": {
        "5": -0.7,
        "10": -0.33333333333333326,
        "25": -0.38,
        "50": -0.050660264105642255,
        "all": -0.02509976709462842
    }
}