{
    "ft": {
        "5": -0.3,
        "10": 0.17575757575757575,
        "25": 0.29000000000000004,
        "50": 0.6062424969987995,
        "all": 0.8848122451899005
    },
    "diff": {
        "5": -0.6,
        "10": -0.2727272727272727,
        "25": -0.2561538461538462,
        "50": -0.1950060024009604,
        "all": -0.0815590131249553
    }
}