{
    "ft": {
        "5": 0.7999999999999999,
        "10": 0.6969696969696969,
        "25": 0.7076923076923076,
        "50": 0.8187755102040816,
        "all": 0.9173040867963664
    },
    "diff": {
        "5": 0.49999999999999994,
        "10": 0.43030303030303024,
        "25": 0.43153846153846154,
        "50": 0.5535174069627851,
        "all": 0.4036620458121737
    }
}