{
    "ft": {
        "5": 0.7999999999999999,
        "10": 0.5030303030303029,
        "25": 0.7369230769230769,
        "50": 0.8359663865546219,
        "all": 0.9328348294113439
    },
    "diff": {
        "5": 0.49999999999999994,
        "10": 0.23636363636363633,
        "25": 0.4576923076923077,
        "50": 0.5381512605042016,
        "all": 0.3332334954581217
    }
}