{
    "ft": {
        "5": -0.19999999999999998,
        "10": 0.07878787878787878,
        "25": 0.21538461538461537,
        "50": 0.3743097238895558,
        "all": 0.8459250388920678
    },
    "diff": {
        "5": -0.49999999999999994,
        "10": -0.406060606060606,
        "25": -0.41923076923076924,
        "50": -0.38727490996398556,
        "all": 0.006324554341184879
    }
}