{
    "ft": {
        "5": 0.39999999999999997,
        "10": -0.12727272727272726,
        "25": 0.3592307692307692,
        "50": 0.4695798319327731,
        "all": 0.6893540340462055
    },
    "diff": {
        "5": 0.39999999999999997,
        "10": -0.22424242424242422,
        "25": 0.020769230769230772,
        "50": 0.07130852340936374,
        "all": -0.4089063841105786
    }
}