{
    "ft": {
        "5": 0.8999999999999998,
        "10": 0.6606060606060605,
        "25": 0.7823076923076924,
        "50": 0.8398079231692677,
        "all": 0.9262964916672627
    },
    "diff": {
        "5": 0.7,
        "10": 0.5030303030303029,
        "25": 0.46153846153846156,
        "50": 0.5576470588235294,
        "all": 0.37812809571919026
    }
}