{
    "ft": {
        "5": 0.9999999999999999,
        "10": 0.8424242424242423,
        "25": 0.95,
        "50": 0.9189435774309724,
        "all": 0.8631734027430084
    },
    "diff": {
        "5": 0.8999999999999998,
        "10": 0.5272727272727272,
        "25": -0.061538461538461535,
        "50": -0.017430972388955582,
        "all": 0.36167355473499746
    }
}