{
    "ft": {
        "5": 0.9999999999999999,
        "10": 0.8060606060606059,
        "25": 0.8676923076923077,
        "50": 0.8232893157262905,
        "all": 0.9395333510657319
    },
    "diff": {
        "5": 0.9999999999999999,
        "10": 0.309090909090909,
        "25": 0.5776923076923076,
        "50": 0.500984393757503,
        "all": 0.3105703946427294
    }
}