{
    "ft": {
        "5": 0.8999999999999998,
        "10": 0.4424242424242424,
        "25": 0.6853846153846154,
        "50": 0.5479471788715485,
        "all": 0.8844116568914956
    },
    "diff": {
        "5": 0.8999999999999998,
        "10": 0.35757575757575755,
        "25": 0.30230769230769233,
        "50": 0.10290516206482593,
        "all": 0.09638397646806379
    }
}