{
    "ft": {
        "5": 0.6,
        "10": 0.5272727272727272,
        "25": 0.42153846153846153,
        "50": 0.6001920768307323,
        "all": 0.701119655693441
    },
    "diff": {
        "5": 0.3,
        "10": 0.29696969696969694,
        "25": -0.007692307692307692,
        "50": 0.14122448979591837,
        "all": -0.3164952435448108
    }
}