{
    "ft": {
        "5": 0.19999999999999998,
        "10": 0.4545454545454545,
        "25": 0.5676923076923077,
        "50": 0.5536134453781512,
        "all": 0.9100710562549171
    },
    "diff": {
        "5": -0.7,
        "10": -0.709090909090909,
        "25": -0.3946153846153846,
        "50": -0.2163265306122449,
        "all": -0.08952093466132607
    }
}