{
    "ft": {
        "5": 0.09999999999999999,
        "10": -0.05454545454545454,
        "25": 0.13999999999999999,
        "50": 0.3146698679471789,
        "all": 0.6314343461662256
    },
    "diff": {
        "5": 0.09999999999999999,
        "10": -0.4424242424242424,
        "25": -0.23846153846153845,
        "50": -0.25301320528211285,
        "all": -0.06113389376654029
    }
}