{
    "ft": {
        "5": 0.19999999999999998,
        "10": 0.09090909090909088,
        "25": 0.4746153846153846,
        "50": 0.29728691476590635,
        "all": 0.7930806160460007
    },
    "diff": {
        "5": -0.09999999999999999,
        "10": -0.05454545454545454,
        "25": 0.022307692307692306,
        "50": -0.30045618247298916,
        "all": -0.38327039132651447
    }
}