{
    "ft": {
        "5": 0.7,
        "10": 0.4545454545454545,
        "25": -0.1276923076923077,
        "50": 0.2514765906362545,
        "all": 0.5999586157106073
    },
    "diff": {
        "5": 0.7,
        "10": 0.05454545454545454,
        "25": -0.48538461538461536,
        "50": -0.3958223289315726,
        "all": -0.1803352987983692
    }
}