{
    "ft": {
        "5": 0.6,
        "10": 0.6727272727272726,
        "25": 0.22230769230769232,
        "50": 0.06448979591836734,
        "all": 0.7034566889886273
    },
    "diff": {
        "5": 0.19999999999999998,
        "10": 0.2606060606060606,
        "25": -0.19538461538461538,
        "50": -0.4391356542617047,
        "all": 0.03805744179600887
    }
}