{
    "ft": {
        "5": 0.7,
        "10": 0.9636363636363635,
        "25": 0.91,
        "50": 0.8920528211284513,
        "all": 0.8744042808096703
    },
    "diff": {
        "5": 0.7,
        "10": 0.6969696969696969,
        "25": 0.10923076923076921,
        "50": 0.07274909963985594,
        "all": 0.43299433839059015
    }
}