{
    "ft": {
        "5": 0.09999999999999999,
        "10": -0.2727272727272727,
        "25": 0.6007692307692307,
        "50": 0.7819927971188475,
        "all": 0.9058522503755096
    },
    "diff": {
        "5": -0.49999999999999994,
        "10": -0.6727272727272726,
        "25": -0.24846153846153846,
        "50": 0.03145258103241296,
        "all": -0.021382322437593877
    }
}