{
    "ft": {
        "5": 0.3,
        "10": 0.3696969696969697,
        "25": 0.576923076923077,
        "50": 0.48984393757503,
        "all": 0.8566716324833703
    },
    "diff": {
        "5": 0.3,
        "10": 0.16363636363636364,
        "25": 0.1476923076923077,
        "50": 0.04211284513805522,
        "all": 0.09826279861955509
    }
}