{
    "ft": {
        "5": 0.7,
        "10": 0.5151515151515151,
        "25": 0.8361538461538461,
        "50": 0.5222088835534213,
        "all": 0.883090578284815
    },
    "diff": {
        "5": -0.6,
        "10": -0.709090909090909,
        "25": -0.041538461538461545,
        "50": -0.20240096038415364,
        "all": -0.10823457951863243
    }
}