{
    "ft": {
        "5": -0.3,
        "10": 0.309090909090909,
        "25": 0.43,
        "50": 0.7322448979591836,
        "all": 0.8692870458121735
    },
    "diff": {
        "5": -0.3,
        "10": 0.05454545454545454,
        "25": -0.04538461538461538,
        "50": 0.1837695078031212,
        "all": 0.024680470370502822
    }
}