{
    "ft": {
        "5": 0.09999999999999999,
        "10": 0.34545454545454546,
        "25": 0.26615384615384613,
        "50": 0.41166866746698677,
        "all": 0.8885078074708532
    },
    "diff": {
        "5": 0.09999999999999999,
        "10": 0.16363636363636364,
        "25": 0.07615384615384616,
        "50": 0.1811764705882353,
        "all": 0.4960517845647664
    }
}