{
    "ft": {
        "5": 0.49999999999999994,
        "10": 0.06666666666666665,
        "25": 0.43,
        "50": 0.5479471788715485,
        "all": 0.7359299786317144
    },
    "diff": {
        "5": 0.19999999999999998,
        "10": -0.13939393939393938,
        "25": 0.10384615384615385,
        "50": 0.11260504201680673,
        "all": -0.3182575459552249
    }
}