{
    "ft": {
        "5": 0.8999999999999998,
        "10": 0.6969696969696969,
        "25": 0.4123076923076923,
        "50": 0.3192797118847539,
        "all": 0.7319511971604319
    },
    "diff": {
        "5": 0.7,
        "10": 0.4424242424242424,
        "25": -0.09153846153846153,
        "50": -0.32600240096038413,
        "all": 0.049191044989628785
    }
}