{
    "ft": {
        "5": 0.7999999999999999,
        "10": 0.6484848484848483,
        "25": 0.33307692307692305,
        "50": 0.5893397358943577,
        "all": 0.8956787336385093
    },
    "diff": {
        "5": 0.19999999999999998,
        "10": 0.406060606060606,
        "25": 0.17846153846153845,
        "50": 0.37757503001200476,
        "all": 0.4768457080144481
    }
}