{
    "ft": {
        "5": 0.6,
        "10": 0.5272727272727272,
        "25": 0.42153846153846153,
        "50": 0.6006722689075631,
        "all": 0.6985032700629425
    },
    "diff": {
        "5": 0.3,
        "10": 0.29696969696969694,
        "25": 0.009230769230769232,
        "50": 0.14439375750300118,
        "all": -0.31364139278306274
    }
}