{
    "ft": {
        "5": 0.19999999999999998,
        "10": 0.41818181818181815,
        "25": 0.4084615384615385,
        "50": 0.5785834333733493,
        "all": 0.6529929346076818
    },
    "diff": {
        "5": -0.09999999999999999,
        "10": 0.04242424242424241,
        "25": 0.021538461538461538,
        "50": 0.21421368547418965,
        "all": -0.34948602120735284
    }
}