{
    "ft": {
        "5": 0.8999999999999998,
        "10": 0.8909090909090909,
        "25": 0.24692307692307694,
        "50": 0.33608643457382953,
        "all": 0.8784505869572992
    },
    "diff": {
        "5": 0.7999999999999999,
        "10": 0.11515151515151514,
        "25": -0.2692307692307692,
        "50": -0.07351740696278511,
        "all": 0.4305803300014305
    }
}