{
    "ft": {
        "5": -0.3,
        "10": 0.18787878787878787,
        "25": 0.6907692307692308,
        "50": 0.7799759903961584,
        "all": 0.911582512962856
    },
    "diff": {
        "5": -0.7,
        "10": -0.5151515151515151,
        "25": -0.20076923076923076,
        "50": -0.11452581032412965,
        "all": -0.03433780666618983
    }
}