{
    "ft": {
        "5": 0.9999999999999999,
        "10": 0.8545454545454544,
        "25": 0.29615384615384616,
        "50": 0.47025210084033614,
        "all": 0.8479121880135998
    },
    "diff": {
        "5": 0.8999999999999998,
        "10": 0.6,
        "25": -0.07769230769230769,
        "50": -0.024345738295318126,
        "all": -0.37610397698244485
    }
}