{
    "ft": {
        "5": 0.7999999999999999,
        "10": 0.4787878787878787,
        "25": 0.22692307692307692,
        "50": 0.5341176470588235,
        "all": 0.720964132125742
    },
    "diff": {
        "5": 0.7999999999999999,
        "10": 0.2606060606060606,
        "25": -0.22615384615384618,
        "50": 0.08062424969987995,
        "all": -0.35840715748158214
    }
}