{
    "ft": {
        "5": 0.39999999999999997,
        "10": -0.12727272727272726,
        "25": 0.3476923076923077,
        "50": 0.4739975990396158,
        "all": 0.6863661285852227
    },
    "diff": {
        "5": 0.39999999999999997,
        "10": -0.22424242424242422,
        "25": 0.018461538461538463,
        "50": 0.07543817527010806,
        "all": -0.4025574999105929
    }
}