{
    "ft": {
        "5": -0.6,
        "10": 0.309090909090909,
        "25": 0.39076923076923076,
        "50": 0.5636014405762305,
        "all": 0.9009378129246836
    },
    "diff": {
        "5": -0.6,
        "10": 0.0303030303030303,
        "25": 0.006153846153846154,
        "50": -0.06372148859543818,
        "all": -0.05018544140261784
    }
}