{
    "ft": {
        "5": 0.8999999999999998,
        "10": 0.49090909090909085,
        "25": 0.6900000000000001,
        "50": 0.4962785114045618,
        "all": 0.8842289535798584
    },
    "diff": {
        "5": 0.8999999999999998,
        "10": 0.41818181818181815,
        "25": 0.30923076923076925,
        "50": 0.09339735894357742,
        "all": 0.09804681353265145
    }
}