{
    "ft": {
        "5": 0.49999999999999994,
        "10": 0.04242424242424241,
        "25": 0.3976923076923076,
        "50": 0.5159663865546219,
        "all": 0.741963380944349
    },
    "diff": {
        "5": 0.19999999999999998,
        "10": -0.17575757575757575,
        "25": 0.06615384615384615,
        "50": 0.07140456182472989,
        "all": -0.3261372465310063
    }
}