{
    "ft": {
        "5": 0.7,
        "10": 0.12727272727272726,
        "25": 0.40307692307692305,
        "50": 0.49070828331332533,
        "all": 0.6784105214219297
    },
    "diff": {
        "5": 0.39999999999999997,
        "10": -0.006060606060606061,
        "25": 0.03307692307692307,
        "50": 0.10885954381752701,
        "all": -0.3499728547615202
    }
}