{
    "ft": {
        "5": 0.7999999999999999,
        "10": 0.7212121212121211,
        "25": 0.7769230769230768,
        "50": 0.8436494597839136,
        "all": 0.926738550663452
    },
    "diff": {
        "5": 0.49999999999999994,
        "10": 0.4787878787878787,
        "25": 0.47,
        "50": 0.5896278511404562,
        "all": 0.38648778923181454
    }
}