{
    "ft": {
        "5": 0.8999999999999998,
        "10": 0.7333333333333332,
        "25": 0.7946153846153846,
        "50": 0.8532533013205281,
        "all": 0.9273139998033044
    },
    "diff": {
        "5": 0.7,
        "10": 0.5030303030303029,
        "25": 0.47846153846153844,
        "50": 0.5951020408163266,
        "all": 0.38466321480938415
    }
}