{
    "ft": {
        "5": 0.8999999999999998,
        "10": 0.5757575757575757,
        "25": 0.4653846153846154,
        "50": 0.7126530612244898,
        "all": 0.9099375938774048
    },
    "diff": {
        "5": 0.8999999999999998,
        "10": 0.35757575757575755,
        "25": 0.18307692307692305,
        "50": 0.5224969987995198,
        "all": 0.473439701648666
    }
}