{
    "ft": {
        "5": 0.3,
        "10": 0.43030303030303024,
        "25": 0.2076923076923077,
        "50": 0.5106842737094838,
        "all": 0.7895407874388722
    },
    "diff": {
        "5": -0.7,
        "10": -0.12727272727272726,
        "25": -0.29692307692307696,
        "50": -0.07332533013205282,
        "all": -0.4271524077319218
    }
}