{
    "ft": {
        "5": 0.7,
        "10": 0.41818181818181815,
        "25": 0.66,
        "50": 0.6746218487394957,
        "all": 0.8855525244081253
    },
    "diff": {
        "5": 0.7,
        "10": 0.28484848484848485,
        "25": 0.25230769230769234,
        "50": 0.1371908763505402,
        "all": 0.07312727987983692
    }
}