{
    "ft": {
        "5": 0.39999999999999997,
        "10": 0.16363636363636364,
        "25": 0.44230769230769235,
        "50": 0.3649939975990396,
        "all": 0.8896311847328517
    },
    "diff": {
        "5": 0.3,
        "10": 0.006060606060606061,
        "25": 0.18923076923076923,
        "50": 0.043937575030012,
        "all": 0.42617318816608246
    }
}