{
    "ft": {
        "5": 0.7999999999999999,
        "10": 0.7818181818181817,
        "25": 0.8815384615384615,
        "50": 0.4732292917166866,
        "all": 0.8849586045347256
    },
    "diff": {
        "5": 0.7999999999999999,
        "10": 0.38181818181818183,
        "25": 0.13076923076923078,
        "50": -0.09253301320528211,
        "all": 0.44116078293755806
    }
}