{
    "ft": {
        "5": 0.19999999999999998,
        "10": 0.41818181818181815,
        "25": 0.546923076923077,
        "50": 0.554093637454982,
        "all": 0.9117731988949287
    },
    "diff": {
        "5": -0.7,
        "10": -0.709090909090909,
        "25": -0.40692307692307694,
        "50": -0.21430972388955583,
        "all": -0.09422896475573991
    }
}