{
    "ft": {
        "5": 0.8999999999999998,
        "10": 0.7333333333333332,
        "25": 0.7061538461538461,
        "50": 0.8422088835534213,
        "all": 0.9284037041341819
    },
    "diff": {
        "5": 0.39999999999999997,
        "10": 0.4666666666666666,
        "25": 0.3484615384615385,
        "50": 0.5661944777911163,
        "all": 0.36379145134468205
    }
}