{
    "ft": {
        "5": 0.8999999999999998,
        "10": 0.5272727272727272,
        "25": 0.14615384615384616,
        "50": 0.5922208883553421,
        "all": 0.7338271806380086
    },
    "diff": {
        "5": 0.8999999999999998,
        "10": 0.38181818181818183,
        "25": -0.28538461538461535,
        "50": 0.15150060024009604,
        "all": -0.39603109800801084
    }
}