{
    "ft": {
        "5": 0.09999999999999999,
        "10": 0.18787878787878787,
        "25": 0.6084615384615384,
        "50": 0.7524129651860745,
        "all": 0.9057084167799155
    },
    "diff": {
        "5": -0.49999999999999994,
        "10": -0.41818181818181815,
        "25": -0.24692307692307694,
        "50": 0.0027370948379351738,
        "all": -0.011590607342107144
    }
}