{
    "ft": {
        "5": 0.6,
        "10": 0.6121212121212121,
        "25": 0.28769230769230764,
        "50": 0.4687154861944778,
        "all": 0.8943151866819253
    },
    "diff": {
        "5": 0.6,
        "10": 0.5878787878787878,
        "25": 0.09846153846153846,
        "50": 0.1900120048019208,
        "all": 0.35829261587153993
    }
}