{
    "ft": {
        "5": 0.8999999999999998,
        "10": 0.49090909090909085,
        "25": 0.6900000000000001,
        "50": 0.5017527010804321,
        "all": 0.8836274341070023
    },
    "diff": {
        "5": 0.8999999999999998,
        "10": 0.41818181818181815,
        "25": 0.30923076923076925,
        "50": 0.09330132052821127,
        "all": 0.10010822723696444
    }
}