{
    "ft": {
        "5": 0.19999999999999998,
        "10": 0.4545454545454545,
        "25": 0.5376923076923077,
        "50": 0.550252100840336,
        "all": 0.9108951098812673
    },
    "diff": {
        "5": -0.7,
        "10": -0.709090909090909,
        "25": -0.4107692307692308,
        "50": -0.2168067226890756,
        "all": -0.08862503129246833
    }
}