{
    "ft": {
        "5": 0.39999999999999997,
        "10": -0.12727272727272726,
        "25": 0.3730769230769231,
        "50": 0.5496758703481391,
        "all": 0.6969759852657177
    },
    "diff": {
        "5": 0.39999999999999997,
        "10": -0.22424242424242422,
        "25": 0.033846153846153845,
        "50": 0.17781512605042016,
        "all": -0.41004043433946064
    }
}