{
    "ft": {
        "5": 0.49999999999999994,
        "10": 0.6121212121212121,
        "25": 0.23153846153846153,
        "50": 0.33791116446578623,
        "all": 0.9012759951004935
    },
    "diff": {
        "5": 0.3,
        "10": 0.5151515151515151,
        "25": -0.02692307692307692,
        "50": 0.08974789915966387,
        "all": 0.49395279754667043
    }
}