{
    "ft": {
        "5": 0.49999999999999994,
        "10": 0.06666666666666665,
        "25": 0.42692307692307696,
        "50": 0.5337334933973589,
        "all": 0.7322839143301623
    },
    "diff": {
        "5": 0.19999999999999998,
        "10": -0.13939393939393938,
        "25": 0.09538461538461537,
        "50": 0.09454981992797118,
        "all": -0.31086339272941843
    }
}