{
    "ft": {
        "5": 0.7,
        "10": 0.8545454545454544,
        "25": 0.4153846153846154,
        "50": 0.38679471788715486,
        "all": 0.718774229311208
    },
    "diff": {
        "5": 0.09999999999999999,
        "10": 0.6727272727272726,
        "25": 0.10230769230769231,
        "50": -0.21517406962785113,
        "all": 0.12337415510335456
    }
}