{
    "ft": {
        "5": 0.9999999999999999,
        "10": 0.9030303030303028,
        "25": 0.9592307692307691,
        "50": 0.852484993997599,
        "all": 0.8710569701738072
    },
    "diff": {
        "5": 0.8999999999999998,
        "10": 0.4666666666666666,
        "25": -0.011538461538461539,
        "50": -0.17887154861944776,
        "all": 0.37419135791431224
    }
}