{
    "ft": {
        "5": 0.8999999999999998,
        "10": 0.34545454545454546,
        "25": 0.2792307692307692,
        "50": 0.44364945978391357,
        "all": 0.7138939230026463
    },
    "diff": {
        "5": 0.8999999999999998,
        "10": 0.16363636363636364,
        "25": -0.021538461538461538,
        "50": -0.0346218487394958,
        "all": -0.04367018185394463
    }
}