{
    "ft": {
        "5": 0.7,
        "10": 0.19999999999999998,
        "25": 0.3861538461538461,
        "50": 0.48120048019207684,
        "all": 0.6889584748944996
    },
    "diff": {
        "5": 0.39999999999999997,
        "10": 0.10303030303030303,
        "25": 0.026153846153846153,
        "50": 0.09752701080432173,
        "all": -0.36487727764466055
    }
}