{
    "ft": {
        "5": 0.8999999999999998,
        "10": 0.4424242424242424,
        "25": 0.0723076923076923,
        "50": 0.453829531812725,
        "all": 0.6016532369823331
    },
    "diff": {
        "5": 0.7999999999999999,
        "10": 0.19999999999999998,
        "25": -0.29615384615384616,
        "50": -0.07975990396158462,
        "all": -0.24444899619474925
    }
}