{
    "ft": {
        "5": 0.6,
        "10": 0.4545454545454545,
        "25": 0.20076923076923076,
        "50": 0.34444177671068427,
        "all": 0.625067759369859
    },
    "diff": {
        "5": 0.3,
        "10": 0.12727272727272726,
        "25": -0.2453846153846154,
        "50": -0.38602641056422565,
        "all": -0.09562236249195336
    }
}