{
    "ft": {
        "5": 0.7999999999999999,
        "10": 0.23636363636363633,
        "25": 0.563076923076923,
        "50": 0.48686674669867946,
        "all": 0.8203265257313497
    },
    "diff": {
        "5": -0.19999999999999998,
        "10": -0.4424242424242424,
        "25": -0.26692307692307693,
        "50": -0.41061224489795917,
        "all": -0.06364960705600457
    }
}