{
    "ft": {
        "5": 0.39999999999999997,
        "10": -0.12727272727272726,
        "25": 0.3476923076923077,
        "50": 0.475438175270108,
        "all": 0.684482634915242
    },
    "diff": {
        "5": 0.39999999999999997,
        "10": -0.22424242424242422,
        "25": 0.018461538461538463,
        "50": 0.07687875150060022,
        "all": -0.40108621745583284
    }
}